0,0,0.098976109,-0.058020478,0.098976109,-0.170648464,-0.044368601,-0.242320819,-0.180887372,-0.293515358,0.116040956,-0.470989761,0.201365188,-0.675767918,0.252559727,-0.80887372,0.290102389,-0.924914676,-0.003412969,-0.4778157,-0.075085324,-0.71331058,-0.136518771,-0.863481229,-0.177474403,-1,-0.098976109,-0.419795222,-0.19112628,-0.412969283,-0.174061433,-0.279863481,-0.139931741,-0.204778157,-0.163822526,-0.337883959,-0.242320819,-0.313993174,-0.208191126,-0.215017065,-0.153583618,-0.153583618
0,0,0.088888889,-0.066666667,0.063492063,-0.177777778,-0.079365079,-0.238095238,-0.206349206,-0.282539683,0.085714286,-0.485714286,0.161904762,-0.688888889,0.20952381,-0.825396825,0.247619048,-0.93968254,-0.025396825,-0.488888889,-0.111111111,-0.717460317,-0.171428571,-0.866666667,-0.212698413,-1,-0.114285714,-0.425396825,-0.228571429,-0.422222222,-0.219047619,-0.292063492,-0.177777778,-0.225396825,-0.174603175,-0.336507937,-0.276190476,-0.320634921,-0.244444444,-0.228571429,-0.180952381,-0.180952381
0,0,0.076271186,-0.070621469,0.048022599,-0.189265537,-0.101694915,-0.254237288,-0.228813559,-0.290960452,0.096045198,-0.47740113,0.169491525,-0.669491525,0.214689266,-0.805084746,0.251412429,-0.918079096,-0.016949153,-0.485875706,-0.09039548,-0.711864407,-0.152542373,-0.861581921,-0.194915254,-1,-0.101694915,-0.423728814,-0.223163842,-0.440677966,-0.217514124,-0.313559322,-0.183615819,-0.240112994,-0.155367232,-0.330508475,-0.259887006,-0.330508475,-0.234463277,-0.242937853,-0.18079096,-0.189265537
0,0,0.123028391,-0.059936909,0.160883281,-0.173501577,0.028391167,-0.233438486,-0.104100946,-0.277602524,0.119873817,-0.470031546,0.189274448,-0.694006309,0.23659306,-0.835962145,0.268138801,-0.952681388,-0.009463722,-0.479495268,-0.107255521,-0.716088328,-0.179810726,-0.867507886,-0.23659306,-1,-0.110410095,-0.429022082,-0.176656151,-0.391167192,-0.141955836,-0.255520505,-0.104100946,-0.176656151,-0.1829653,-0.356466877,-0.233438486,-0.302839117,-0.186119874,-0.195583596,-0.135646688,-0.132492114
0,0,0.128404669,-0.070038911,0.171206226,-0.19844358,0.035019455,-0.26848249,-0.093385214,-0.315175097,0.151750973,-0.478599222,0.225680934,-0.692607004,0.276264591,-0.828793774,0.303501946,-0.937743191,0.015564202,-0.486381323,-0.06614786,-0.73151751,-0.116731518,-0.875486381,-0.155642023,-1,-0.093385214,-0.431906615,-0.120622568,-0.412451362,-0.06614786,-0.295719844,-0.027237354,-0.241245136,-0.171206226,-0.350194553,-0.175097276,-0.315175097,-0.116731518,-0.225680934,-0.073929961,-0.182879377
0,0,0.111587983,-0.090128755,0.111587983,-0.227467811,-0.034334764,-0.296137339,-0.17167382,-0.347639485,0.103004292,-0.497854077,0.180257511,-0.703862661,0.223175966,-0.841201717,0.253218884,-0.9527897,-0.021459227,-0.502145923,-0.08583691,-0.733905579,-0.128755365,-0.879828326,-0.163090129,-1,-0.115879828,-0.43776824,-0.17167382,-0.446351931,-0.107296137,-0.330472103,-0.060085837,-0.266094421,-0.180257511,-0.347639485,-0.210300429,-0.356223176,-0.158798283,-0.270386266,-0.107296137,-0.227467811
0,0,0.103004292,-0.094420601,0.103004292,-0.231759657,-0.038626609,-0.30472103,-0.17167382,-0.356223176,0.111587983,-0.497854077,0.188841202,-0.69527897,0.236051502,-0.832618026,0.270386266,-0.939914163,-0.008583691,-0.497854077,-0.068669528,-0.733905579,-0.103004292,-0.879828326,-0.128755365,-1,-0.103004292,-0.43776824,-0.163090129,-0.454935622,-0.107296137,-0.339055794,-0.064377682,-0.274678112,-0.167381974,-0.35193133,-0.201716738,-0.364806867,-0.150214592,-0.278969957,-0.098712446,-0.231759657
0,0,0.084615385,-0.057692308,0.076923077,-0.173076923,-0.073076923,-0.226923077,-0.215384615,-0.269230769,0.05,-0.476923077,0.111538462,-0.692307692,0.146153846,-0.830769231,0.173076923,-0.957692308,-0.076923077,-0.484615385,-0.161538462,-0.723076923,-0.226923077,-0.869230769,-0.276923077,-1,-0.169230769,-0.426923077,-0.292307692,-0.503846154,-0.25,-0.357692308,-0.196153846,-0.253846154,-0.215384615,-0.330769231,-0.292307692,-0.307692308,-0.242307692,-0.196153846,-0.180769231,-0.126923077
0,0,0.093984962,-0.060150376,0.086466165,-0.176691729,-0.067669173,-0.22556391,-0.210526316,-0.266917293,0.052631579,-0.473684211,0.112781955,-0.695488722,0.146616541,-0.838345865,0.172932331,-0.962406015,-0.078947368,-0.481203008,-0.165413534,-0.721804511,-0.233082707,-0.868421053,-0.285714286,-1,-0.172932331,-0.421052632,-0.289473684,-0.488721805,-0.240601504,-0.342105263,-0.184210526,-0.236842105,-0.221804511,-0.327067669,-0.293233083,-0.296992481,-0.236842105,-0.184210526,-0.172932331,-0.112781955
0,0,0.106382979,-0.060283688,0.117021277,-0.173758865,-0.028368794,-0.216312057,-0.166666667,-0.258865248,0.070921986,-0.475177305,0.134751773,-0.691489362,0.170212766,-0.833333333,0.19858156,-0.960992908,-0.060283688,-0.475177305,-0.163120567,-0.709219858,-0.234042553,-0.861702128,-0.283687943,-1,-0.156028369,-0.418439716,-0.255319149,-0.439716312,-0.19858156,-0.290780142,-0.141843972,-0.195035461,-0.209219858,-0.326241135,-0.265957447,-0.269503546,-0.205673759,-0.156028369,-0.141843972,-0.092198582
0,0,0.113402062,-0.054982818,0.134020619,-0.164948454,-0.010309278,-0.219931271,-0.147766323,-0.271477663,0.10652921,-0.481099656,0.16838488,-0.714776632,0.202749141,-0.869415808,0.223367698,-1,-0.017182131,-0.467353952,-0.113402062,-0.683848797,-0.192439863,-0.821305842,-0.24742268,-0.93814433,-0.109965636,-0.408934708,-0.16838488,-0.367697595,-0.127147766,-0.219931271,-0.085910653,-0.134020619,-0.16838488,-0.329896907,-0.216494845,-0.274914089,-0.16838488,-0.151202749,-0.113402062,-0.075601375
0,0,0.090322581,-0.077419355,0.083870968,-0.209677419,-0.04516129,-0.293548387,-0.177419355,-0.351612903,0.087096774,-0.493548387,0.112903226,-0.732258065,0.125806452,-0.877419355,0.129032258,-1,-0.032258065,-0.474193548,-0.14516129,-0.687096774,-0.219354839,-0.819354839,-0.277419355,-0.932258065,-0.122580645,-0.403225806,-0.203225806,-0.367741935,-0.14516129,-0.219354839,-0.090322581,-0.129032258,-0.177419355,-0.319354839,-0.232258065,-0.293548387,-0.183870968,-0.177419355,-0.138709677,-0.096774194
0,0,0.096774194,-0.070967742,0.090322581,-0.193548387,-0.038709677,-0.280645161,-0.170967742,-0.34516129,0.106451613,-0.496774194,0.151612903,-0.729032258,0.174193548,-0.877419355,0.187096774,-1,-0.019354839,-0.487096774,-0.129032258,-0.709677419,-0.2,-0.851612903,-0.251612903,-0.970967742,-0.116129032,-0.416129032,-0.206451613,-0.377419355,-0.161290323,-0.219354839,-0.109677419,-0.122580645,-0.174193548,-0.335483871,-0.241935484,-0.3,-0.203225806,-0.177419355,-0.158064516,-0.096774194
0,0,0.104761905,-0.076190476,0.104761905,-0.219047619,-0.041269841,-0.304761905,-0.180952381,-0.361904762,0.120634921,-0.495238095,0.161904762,-0.726984127,0.187301587,-0.876190476,0.2,-1,-0.00952381,-0.485714286,-0.114285714,-0.717460317,-0.184126984,-0.863492063,-0.238095238,-0.984126984,-0.107936508,-0.422222222,-0.187301587,-0.393650794,-0.13015873,-0.238095238,-0.079365079,-0.13968254,-0.171428571,-0.33968254,-0.219047619,-0.307936508,-0.174603175,-0.177777778,-0.13015873,-0.092063492
0,0,0.12797619,-0.053571429,0.18452381,-0.1875,0.050595238,-0.291666667,-0.077380952,-0.369047619,0.193452381,-0.452380952,0.273809524,-0.693452381,0.327380952,-0.833333333,0.363095238,-0.955357143,0.0625,-0.461309524,-0.00297619,-0.717261905,-0.041666667,-0.87202381,-0.074404762,-1,-0.041666667,-0.416666667,-0.095238095,-0.383928571,-0.041666667,-0.238095238,0,-0.145833333,-0.119047619,-0.348214286,-0.136904762,-0.3125,-0.089285714,-0.193452381,-0.056547619,-0.116071429
0,0,0.129411765,0.041176471,0.205882353,0.023529412,0.082352941,-0.067647059,-0.070588235,-0.164705882,0.282352941,-0.341176471,0.423529412,-0.564705882,0.505882353,-0.711764706,0.561764706,-0.85,0.129411765,-0.441176471,0.097058824,-0.667647059,0.061764706,-0.832352941,0.041176471,-1,-0.017647059,-0.464705882,-0.132352941,-0.373529412,-0.129411765,-0.185294118,-0.097058824,-0.085294118,-0.147058824,-0.441176471,-0.258823529,-0.329411765,-0.241176471,-0.176470588,-0.188235294,-0.1
0,0,0.173410405,-0.00867052,0.291907514,-0.066473988,0.173410405,-0.132947977,0.023121387,-0.205202312,0.271676301,-0.430635838,0.375722543,-0.667630058,0.445086705,-0.803468208,0.485549133,-0.933526012,0.130057803,-0.476878613,0.078034682,-0.696531792,0.040462428,-0.855491329,0.005780347,-1,0.011560694,-0.459537572,-0.014450867,-0.358381503,0.034682081,-0.210982659,0.072254335,-0.147398844,-0.086705202,-0.404624277,-0.101156069,-0.280346821,-0.057803468,-0.170520231,-0.014450867,-0.115606936
0,0,0.18018018,-0.015015015,0.318318318,-0.081081081,0.213213213,-0.144144144,0.051051051,-0.195195195,0.285285285,-0.45045045,0.384384384,-0.690690691,0.441441441,-0.825825826,0.471471471,-0.954954955,0.126126126,-0.486486486,0.078078078,-0.726726727,0.048048048,-0.870870871,0.009009009,-1,-0.003003003,-0.456456456,0.009009009,-0.399399399,0.06006006,-0.243243243,0.09009009,-0.162162162,-0.102102102,-0.387387387,-0.069069069,-0.264264264,-0.009009009,-0.138138138,0.036036036,-0.072072072
0,0,0.185897436,-0.012820513,0.320512821,-0.080128205,0.224358974,-0.153846154,0.067307692,-0.221153846,0.278846154,-0.455128205,0.378205128,-0.692307692,0.435897436,-0.830128205,0.471153846,-0.961538462,0.128205128,-0.490384615,0.092948718,-0.717948718,0.064102564,-0.871794872,0.028846154,-1,0.003205128,-0.46474359,-0.006410256,-0.413461538,0.041666667,-0.25,0.076923077,-0.150641026,-0.096153846,-0.397435897,-0.086538462,-0.291666667,-0.019230769,-0.16025641,0.044871795,-0.073717949
0,0,0.183520599,-0.037453184,0.322097378,-0.112359551,0.25093633,-0.194756554,0.123595506,-0.254681648,0.288389513,-0.460674157,0.393258427,-0.692883895,0.456928839,-0.827715356,0.490636704,-0.951310861,0.131086142,-0.498127341,0.138576779,-0.719101124,0.146067416,-0.872659176,0.138576779,-1,0,-0.475655431,0.063670412,-0.382022472,0.123595506,-0.224719101,0.157303371,-0.119850187,-0.104868914,-0.4082397,-0.02247191,-0.265917603,0.059925094,-0.138576779,0.123595506,-0.048689139
0,0,0.186770428,-0.035019455,0.3307393,-0.120622568,0.357976654,-0.229571984,0.252918288,-0.280155642,0.26459144,-0.459143969,0.357976654,-0.680933852,0.404669261,-0.813229572,0.431906615,-0.929961089,0.124513619,-0.494163424,0.163424125,-0.719844358,0.20233463,-0.875486381,0.229571984,-1,0.003891051,-0.470817121,0.143968872,-0.385214008,0.182879377,-0.237354086,0.190661479,-0.13618677,-0.081712062,-0.40077821,0.06614786,-0.299610895,0.151750973,-0.186770428,0.210116732,-0.089494163
0,0,0.166666667,-0.013888889,0.288194444,-0.097222222,0.1875,-0.197916667,0.048611111,-0.28125,0.295138889,-0.4375,0.402777778,-0.659722222,0.46875,-0.788194444,0.510416667,-0.909722222,0.149305556,-0.479166667,0.135416667,-0.71875,0.118055556,-0.871527778,0.09375,-1,0.024305556,-0.454861111,0.020833333,-0.399305556,0.0625,-0.246527778,0.086805556,-0.163194444,-0.086805556,-0.399305556,-0.072916667,-0.322916667,-0.03125,-0.211805556,0,-0.145833333
0,0,0.168458781,0,0.29390681,-0.071684588,0.189964158,-0.164874552,0.035842294,-0.23655914,0.286738351,-0.419354839,0.405017921,-0.64516129,0.476702509,-0.788530466,0.516129032,-0.910394265,0.139784946,-0.465949821,0.121863799,-0.724014337,0.103942652,-0.874551971,0.082437276,-1,0.014336918,-0.448028674,-0.017921147,-0.419354839,0,-0.286738351,0.021505376,-0.215053763,-0.089605735,-0.390681004,-0.103942652,-0.362007168,-0.068100358,-0.258064516,-0.035842294,-0.189964158
0,0,0.1886121,-0.017793594,0.263345196,-0.110320285,0.120996441,-0.224199288,-0.024911032,-0.330960854,0.302491103,-0.377224199,0.423487544,-0.583629893,0.466192171,-0.736654804,0.487544484,-0.868327402,0.149466192,-0.430604982,0.177935943,-0.701067616,0.174377224,-0.864768683,0.174377224,-1,0.007117438,-0.416370107,-0.06405694,-0.590747331,-0.067615658,-0.729537367,-0.053380783,-0.846975089,-0.117437722,-0.338078292,-0.110320285,-0.309608541,-0.056939502,-0.227758007,-0.003558719,-0.163701068
0,0,0.116197183,-0.063380282,0.133802817,-0.176056338,0.003521127,-0.25,-0.112676056,-0.323943662,0.147887324,-0.471830986,0.207746479,-0.690140845,0.242957746,-0.827464789,0.26056338,-0.940140845,0.021126761,-0.461267606,-0.066901408,-0.711267606,-0.13028169,-0.86971831,-0.186619718,-1,-0.084507042,-0.397887324,-0.059859155,-0.433098592,0.031690141,-0.334507042,0.080985915,-0.264084507,-0.172535211,-0.313380282,-0.126760563,-0.320422535,-0.056338028,-0.25,-0.024647887,-0.197183099
0,0,0.113207547,-0.060377358,0.135849057,-0.18490566,-0.011320755,-0.267924528,-0.154716981,-0.332075472,0.139622642,-0.479245283,0.2,-0.701886792,0.233962264,-0.837735849,0.260377358,-0.954716981,0.011320755,-0.483018868,-0.075471698,-0.732075472,-0.120754717,-0.875471698,-0.150943396,-1,-0.090566038,-0.426415094,-0.158490566,-0.40754717,-0.124528302,-0.271698113,-0.083018868,-0.19245283,-0.154716981,-0.350943396,-0.211320755,-0.324528302,-0.169811321,-0.218867925,-0.120754717,-0.154716981
0,0,0.115226337,-0.074074074,0.135802469,-0.205761317,-0.016460905,-0.288065844,-0.156378601,-0.353909465,0.135802469,-0.485596708,0.185185185,-0.703703704,0.218106996,-0.843621399,0.234567901,-0.962962963,0.008230453,-0.485596708,-0.082304527,-0.732510288,-0.127572016,-0.87654321,-0.160493827,-1,-0.090534979,-0.427983539,-0.144032922,-0.411522634,-0.098765432,-0.283950617,-0.053497942,-0.218106996,-0.160493827,-0.353909465,-0.193415638,-0.33744856,-0.139917695,-0.234567901,-0.090534979,-0.176954733
0,0,0.107438017,-0.082644628,0.107438017,-0.227272727,-0.037190083,-0.314049587,-0.173553719,-0.376033058,0.128099174,-0.495867769,0.169421488,-0.714876033,0.202479339,-0.851239669,0.223140496,-0.966942149,0.004132231,-0.495867769,-0.074380165,-0.739669421,-0.119834711,-0.880165289,-0.157024793,-1,-0.08677686,-0.433884298,-0.165289256,-0.44214876,-0.123966942,-0.314049587,-0.078512397,-0.243801653,-0.152892562,-0.351239669,-0.210743802,-0.367768595,-0.165289256,-0.268595041,-0.111570248,-0.20661157
0,0,0.052830189,-0.094339623,0.01509434,-0.237735849,-0.139622642,-0.324528302,-0.275471698,-0.369811321,0.098113208,-0.501886792,0.124528302,-0.713207547,0.143396226,-0.852830189,0.154716981,-0.969811321,-0.022641509,-0.494339623,-0.109433962,-0.732075472,-0.166037736,-0.875471698,-0.20754717,-1,-0.116981132,-0.426415094,-0.230188679,-0.445283019,-0.21509434,-0.320754717,-0.181132075,-0.245283019,-0.173584906,-0.339622642,-0.271698113,-0.377358491,-0.249056604,-0.290566038,-0.2,-0.222641509
0,0,0.04379562,-0.094890511,0,-0.240875912,-0.149635036,-0.321167883,-0.277372263,-0.372262774,0.094890511,-0.496350365,0.127737226,-0.704379562,0.149635036,-0.843065693,0.167883212,-0.959854015,-0.02189781,-0.49270073,-0.102189781,-0.729927007,-0.156934307,-0.872262774,-0.193430657,-1,-0.113138686,-0.430656934,-0.237226277,-0.452554745,-0.222627737,-0.324817518,-0.182481752,-0.244525547,-0.171532847,-0.346715328,-0.273722628,-0.379562044,-0.248175182,-0.288321168,-0.200729927,-0.222627737
0,0,0.045774648,-0.084507042,-0.003521127,-0.221830986,-0.151408451,-0.306338028,-0.278169014,-0.355633803,0.091549296,-0.48943662,0.11971831,-0.700704225,0.14084507,-0.841549296,0.154929577,-0.957746479,-0.024647887,-0.485915493,-0.10915493,-0.725352113,-0.169014085,-0.873239437,-0.211267606,-1,-0.116197183,-0.426056338,-0.25,-0.443661972,-0.235915493,-0.309859155,-0.193661972,-0.228873239,-0.172535211,-0.341549296,-0.285211268,-0.373239437,-0.26056338,-0.274647887,-0.207746479,-0.204225352
0,0,0.059440559,-0.08041958,0.024475524,-0.206293706,-0.129370629,-0.293706294,-0.255244755,-0.346153846,0.059440559,-0.493006993,0.094405594,-0.702797203,0.115384615,-0.839160839,0.13986014,-0.951048951,-0.041958042,-0.48951049,-0.143356643,-0.72027972,-0.20979021,-0.870629371,-0.251748252,-1,-0.122377622,-0.41958042,-0.241258741,-0.43006993,-0.230769231,-0.307692308,-0.192307692,-0.234265734,-0.181818182,-0.325174825,-0.297202797,-0.342657343,-0.276223776,-0.241258741,-0.22027972,-0.174825175
0,0,0.11023622,-0.07480315,0.141732283,-0.200787402,0.003937008,-0.279527559,-0.137795276,-0.326771654,0.133858268,-0.480314961,0.181102362,-0.700787402,0.212598425,-0.842519685,0.232283465,-0.956692913,0.007874016,-0.484251969,-0.082677165,-0.728346457,-0.137795276,-0.877952756,-0.181102362,-1,-0.090551181,-0.42519685,-0.145669291,-0.401574803,-0.102362205,-0.275590551,-0.059055118,-0.204724409,-0.157480315,-0.342519685,-0.200787402,-0.322834646,-0.149606299,-0.220472441,-0.098425197,-0.157480315
0,0,0.125506073,-0.076923077,0.141700405,-0.222672065,-0.004048583,-0.311740891,-0.137651822,-0.376518219,0.149797571,-0.48582996,0.218623482,-0.700404858,0.263157895,-0.834008097,0.287449393,-0.943319838,0.024291498,-0.48582996,-0.048582996,-0.736842105,-0.089068826,-0.882591093,-0.117408907,-1,-0.072874494,-0.433198381,-0.129554656,-0.44534413,-0.085020243,-0.315789474,-0.048582996,-0.24291498,-0.137651822,-0.356275304,-0.174089069,-0.36437247,-0.12145749,-0.263157895,-0.076923077,-0.198380567
0,0,0.068,-0.048,0.048,-0.18,-0.084,-0.3,-0.2,-0.404,0.156,-0.464,0.2,-0.684,0.248,-0.824,0.284,-0.936,0.04,-0.484,-0.036,-0.736,-0.064,-0.88,-0.072,-1,-0.056,-0.44,-0.172,-0.444,-0.148,-0.308,-0.104,-0.236,-0.116,-0.364,-0.212,-0.368,-0.184,-0.256,-0.14,-0.188
0,0,0.111524164,-0.107806691,0.111524164,-0.267657993,-0.05204461,-0.330855019,-0.197026022,-0.36802974,0.063197026,-0.516728625,0.107806691,-0.739776952,0.133828996,-0.881040892,0.141263941,-0.992565056,-0.066914498,-0.498141264,-0.178438662,-0.739776952,-0.237918216,-0.881040892,-0.286245353,-1,-0.156133829,-0.420074349,-0.200743494,-0.431226766,-0.133828996,-0.31598513,-0.089219331,-0.249070632,-0.211895911,-0.327137546,-0.234200743,-0.342007435,-0.163568773,-0.260223048,-0.104089219,-0.200743494
0,0,0.108695652,-0.094202899,0.115942029,-0.246376812,-0.039855072,-0.322463768,-0.184782609,-0.365942029,0.079710145,-0.507246377,0.126811594,-0.731884058,0.155797101,-0.869565217,0.166666667,-0.985507246,-0.050724638,-0.496376812,-0.152173913,-0.739130435,-0.213768116,-0.880434783,-0.260869565,-1,-0.144927536,-0.43115942,-0.195652174,-0.427536232,-0.144927536,-0.311594203,-0.108695652,-0.239130435,-0.206521739,-0.344202899,-0.239130435,-0.344202899,-0.177536232,-0.25,-0.123188406,-0.188405797
0,0,0.100649351,-0.045454545,0.090909091,-0.146103896,-0.077922078,-0.155844156,-0.214285714,-0.178571429,0.064935065,-0.477272727,0.12987013,-0.701298701,0.159090909,-0.847402597,0.181818182,-0.970779221,-0.061688312,-0.477272727,-0.152597403,-0.717532468,-0.220779221,-0.866883117,-0.269480519,-1,-0.149350649,-0.415584416,-0.266233766,-0.428571429,-0.217532468,-0.279220779,-0.152597403,-0.188311688,-0.201298701,-0.321428571,-0.279220779,-0.25,-0.220779221,-0.13961039,-0.149350649,-0.081168831
0,0,0.10130719,-0.045751634,0.130718954,-0.140522876,0,-0.18627451,-0.133986928,-0.235294118,0.114379085,-0.467320261,0.183006536,-0.679738562,0.225490196,-0.816993464,0.254901961,-0.931372549,-0.009803922,-0.477124183,-0.088235294,-0.722222222,-0.14379085,-0.869281046,-0.183006536,-1,-0.10130719,-0.424836601,-0.202614379,-0.434640523,-0.166666667,-0.294117647,-0.117647059,-0.209150327,-0.163398693,-0.333333333,-0.222222222,-0.274509804,-0.169934641,-0.166666667,-0.107843137,-0.107843137
0,0,0.116607774,-0.038869258,0.155477032,-0.144876325,0.017667845,-0.212014134,-0.116607774,-0.282685512,0.16254417,-0.473498233,0.247349823,-0.67844523,0.28975265,-0.809187279,0.318021201,-0.922261484,0.035335689,-0.48409894,-0.024734982,-0.717314488,-0.067137809,-0.865724382,-0.098939929,-1,-0.06360424,-0.427561837,-0.137809187,-0.480565371,-0.09540636,-0.342756184,-0.053003534,-0.25795053,-0.130742049,-0.335689046,-0.159010601,-0.32155477,-0.113074205,-0.219081272,-0.067137809,-0.159010601
0,0,0.118243243,-0.043918919,0.155405405,-0.141891892,0.013513514,-0.195945946,-0.121621622,-0.253378378,0.141891892,-0.469594595,0.212837838,-0.685810811,0.253378378,-0.820945946,0.277027027,-0.939189189,0.013513514,-0.47972973,-0.067567568,-0.716216216,-0.118243243,-0.864864865,-0.158783784,-1,-0.084459459,-0.429054054,-0.162162162,-0.445945946,-0.118243243,-0.314189189,-0.070945946,-0.236486486,-0.148648649,-0.344594595,-0.175675676,-0.283783784,-0.121621622,-0.182432432,-0.067567568,-0.131756757
0,0,0.121621622,-0.060810811,0.158783784,-0.168918919,0,-0.219594595,-0.135135135,-0.27027027,0.128378378,-0.469594595,0.192567568,-0.682432432,0.233108108,-0.820945946,0.260135135,-0.932432432,-0.006756757,-0.472972973,-0.097972973,-0.719594595,-0.152027027,-0.871621622,-0.189189189,-1,-0.108108108,-0.412162162,-0.165540541,-0.425675676,-0.111486486,-0.304054054,-0.067567568,-0.233108108,-0.175675676,-0.324324324,-0.185810811,-0.283783784,-0.128378378,-0.192567568,-0.084459459,-0.148648649
0,0,0.134228188,-0.060402685,0.17114094,-0.177852349,0.006711409,-0.224832215,-0.137583893,-0.261744966,0.130872483,-0.476510067,0.214765101,-0.691275168,0.258389262,-0.82885906,0.285234899,-0.946308725,-0.003355705,-0.476510067,-0.070469799,-0.714765101,-0.117449664,-0.865771812,-0.154362416,-1,-0.10738255,-0.412751678,-0.16442953,-0.436241611,-0.10738255,-0.308724832,-0.063758389,-0.234899329,-0.177852349,-0.315436242,-0.194630872,-0.295302013,-0.140939597,-0.201342282,-0.093959732,-0.147651007
0,0,0.115755627,-0.064308682,0.135048232,-0.170418006,-0.019292605,-0.202572347,-0.163987138,-0.231511254,0.112540193,-0.475884244,0.176848875,-0.694533762,0.215434084,-0.832797428,0.234726688,-0.951768489,-0.022508039,-0.475884244,-0.115755627,-0.720257235,-0.176848875,-0.864951768,-0.231511254,-1,-0.122186495,-0.411575563,-0.183279743,-0.434083601,-0.115755627,-0.311897106,-0.064308682,-0.250803859,-0.189710611,-0.31511254,-0.202572347,-0.266881029,-0.138263666,-0.176848875,-0.08681672,-0.1414791
0,0,0.094117647,-0.05,0.082352941,-0.155882353,-0.105882353,-0.182352941,-0.252941176,-0.214705882,0.061764706,-0.464705882,0.126470588,-0.682352941,0.158823529,-0.829411765,0.185294118,-0.952941176,-0.067647059,-0.470588235,-0.155882353,-0.708823529,-0.223529412,-0.858823529,-0.273529412,-1,-0.158823529,-0.408823529,-0.273529412,-0.408823529,-0.211764706,-0.264705882,-0.138235294,-0.194117647,-0.214705882,-0.308823529,-0.302941176,-0.255882353,-0.235294118,-0.15,-0.155882353,-0.105882353
0,0,0.101538462,-0.058461538,0.092307692,-0.169230769,-0.095384615,-0.187692308,-0.249230769,-0.218461538,0.064615385,-0.473846154,0.126153846,-0.689230769,0.16,-0.833846154,0.184615385,-0.956923077,-0.067692308,-0.48,-0.153846154,-0.716923077,-0.227692308,-0.864615385,-0.289230769,-1,-0.156923077,-0.415384615,-0.286153846,-0.452307692,-0.218461538,-0.310769231,-0.141538462,-0.24,-0.215384615,-0.310769231,-0.295384615,-0.261538462,-0.224615385,-0.16,-0.138461538,-0.12
0,0,0.10989011,-0.065934066,0.128205128,-0.172161172,-0.036630037,-0.197802198,-0.179487179,-0.21978022,0.091575092,-0.476190476,0.161172161,-0.692307692,0.197802198,-0.831501832,0.223443223,-0.945054945,-0.04029304,-0.476190476,-0.131868132,-0.721611722,-0.19047619,-0.868131868,-0.238095238,-1,-0.131868132,-0.41025641,-0.230769231,-0.413919414,-0.172161172,-0.282051282,-0.10989011,-0.212454212,-0.19047619,-0.311355311,-0.249084249,-0.267399267,-0.186813187,-0.164835165,-0.120879121,-0.117216117
0,0,0.116465863,-0.068273092,0.13253012,-0.184738956,-0.024096386,-0.240963855,-0.16064257,-0.293172691,0.108433735,-0.477911647,0.180722892,-0.686746988,0.21686747,-0.827309237,0.24497992,-0.9437751,-0.024096386,-0.481927711,-0.100401606,-0.718875502,-0.156626506,-0.86746988,-0.200803213,-1,-0.120481928,-0.421686747,-0.212851406,-0.469879518,-0.16064257,-0.337349398,-0.108433735,-0.261044177,-0.180722892,-0.329317269,-0.224899598,-0.301204819,-0.168674699,-0.204819277,-0.112449799,-0.152610442
0,0,0.042194093,-0.088607595,-0.029535865,-0.227848101,-0.185654008,-0.29535865,-0.316455696,-0.345991561,0.046413502,-0.518987342,0.092827004,-0.721518987,0.11814346,-0.864978903,0.130801688,-0.983122363,-0.063291139,-0.510548523,-0.11814346,-0.742616034,-0.17721519,-0.88185654,-0.219409283,-1,-0.151898734,-0.443037975,-0.278481013,-0.502109705,-0.261603376,-0.362869198,-0.215189873,-0.278481013,-0.198312236,-0.345991561,-0.308016878,-0.362869198,-0.286919831,-0.270042194,-0.232067511,-0.215189873
0,0,0.046025105,-0.092050209,-0.025104603,-0.225941423,-0.184100418,-0.284518828,-0.317991632,-0.326359833,0.033472803,-0.518828452,0.075313808,-0.723849372,0.09623431,-0.866108787,0.112970711,-0.983263598,-0.079497908,-0.510460251,-0.142259414,-0.740585774,-0.205020921,-0.878661088,-0.255230126,-1,-0.163179916,-0.439330544,-0.292887029,-0.49790795,-0.276150628,-0.359832636,-0.230125523,-0.280334728,-0.209205021,-0.338912134,-0.322175732,-0.351464435,-0.29707113,-0.259414226,-0.238493724,-0.205020921
0,0,0.060606061,-0.083333333,0.003787879,-0.196969697,-0.159090909,-0.246212121,-0.291666667,-0.291666667,0.026515152,-0.503787879,0.068181818,-0.723484848,0.087121212,-0.871212121,0.09469697,-1,-0.102272727,-0.496212121,-0.193181818,-0.727272727,-0.272727273,-0.871212121,-0.340909091,-0.996212121,-0.189393939,-0.424242424,-0.325757576,-0.465909091,-0.287878788,-0.329545455,-0.234848485,-0.242424242,-0.242424242,-0.321969697,-0.340909091,-0.310606061,-0.303030303,-0.215909091,-0.242424242,-0.162878788
0,0,0.077464789,-0.080985915,0.031690141,-0.200704225,-0.154929577,-0.225352113,-0.299295775,-0.264084507,0.017605634,-0.507042254,0.052816901,-0.728873239,0.070422535,-0.876760563,0.080985915,-1,-0.112676056,-0.492957746,-0.218309859,-0.725352113,-0.306338028,-0.866197183,-0.383802817,-0.996478873,-0.200704225,-0.422535211,-0.338028169,-0.464788732,-0.267605634,-0.323943662,-0.193661972,-0.25,-0.25,-0.313380282,-0.334507042,-0.288732394,-0.264084507,-0.190140845,-0.190140845,-0.147887324
0,0,0.080808081,-0.074074074,0.047138047,-0.195286195,-0.138047138,-0.222222222,-0.272727273,-0.259259259,0.03030303,-0.498316498,0.074074074,-0.717171717,0.090909091,-0.865319865,0.104377104,-0.993265993,-0.097643098,-0.488215488,-0.202020202,-0.723905724,-0.292929293,-0.865319865,-0.363636364,-1,-0.188552189,-0.417508418,-0.323232323,-0.464646465,-0.265993266,-0.323232323,-0.202020202,-0.235690236,-0.242424242,-0.313131313,-0.323232323,-0.259259259,-0.259259259,-0.154882155,-0.181818182,-0.107744108
0,0,0.087542088,-0.063973064,0.063973064,-0.168350168,-0.117845118,-0.188552189,-0.259259259,-0.218855219,0.033670034,-0.491582492,0.080808081,-0.713804714,0.101010101,-0.861952862,0.111111111,-0.98989899,-0.101010101,-0.488215488,-0.208754209,-0.723905724,-0.2996633,-0.868686869,-0.37037037,-1,-0.191919192,-0.410774411,-0.326599327,-0.441077441,-0.262626263,-0.306397306,-0.188552189,-0.225589226,-0.245791246,-0.2996633,-0.323232323,-0.225589226,-0.252525253,-0.124579125,-0.171717172,-0.080808081
0,0,0.10367893,-0.066889632,0.100334448,-0.177257525,-0.073578595,-0.200668896,-0.217391304,-0.234113712,0.050167224,-0.481605351,0.096989967,-0.712374582,0.120401338,-0.862876254,0.137123746,-0.989966555,-0.08361204,-0.47826087,-0.193979933,-0.719063545,-0.280936455,-0.866220736,-0.35451505,-1,-0.173913043,-0.414715719,-0.294314381,-0.43812709,-0.230769231,-0.287625418,-0.163879599,-0.204013378,-0.224080268,-0.311036789,-0.297658863,-0.247491639,-0.227424749,-0.140468227,-0.150501672,-0.093645485
0,0,0.134680135,-0.057239057,0.168350168,-0.154882155,0.003367003,-0.181818182,-0.138047138,-0.218855219,0.131313131,-0.478114478,0.195286195,-0.703703704,0.232323232,-0.848484848,0.255892256,-0.973063973,-0.013468013,-0.481481481,-0.121212121,-0.720538721,-0.188552189,-0.868686869,-0.242424242,-1,-0.117845118,-0.424242424,-0.171717172,-0.390572391,-0.104377104,-0.269360269,-0.050505051,-0.205387205,-0.185185185,-0.336700337,-0.178451178,-0.242424242,-0.107744108,-0.141414141,-0.050505051,-0.097643098
0,0,0.152317881,-0.052980132,0.21192053,-0.152317881,0.056291391,-0.17218543,-0.09602649,-0.198675497,0.155629139,-0.470198675,0.231788079,-0.69205298,0.278145695,-0.841059603,0.304635762,-0.970198675,0.013245033,-0.470198675,-0.082781457,-0.71192053,-0.135761589,-0.864238411,-0.178807947,-1,-0.089403974,-0.40397351,-0.149006623,-0.40397351,-0.079470199,-0.271523179,-0.029801325,-0.195364238,-0.155629139,-0.30794702,-0.139072848,-0.241721854,-0.062913907,-0.139072848,-0.006622517,-0.082781457
0,0,0.166153846,-0.033846154,0.230769231,-0.126153846,0.073846154,-0.181538462,-0.08,-0.236923077,0.206153846,-0.433846154,0.28,-0.658461538,0.307692308,-0.812307692,0.323076923,-0.941538462,0.055384615,-0.452307692,-0.030769231,-0.704615385,-0.101538462,-0.861538462,-0.163076923,-1,-0.061538462,-0.4,-0.135384615,-0.446153846,-0.064615385,-0.307692308,-0.009230769,-0.224615385,-0.144615385,-0.310769231,-0.150769231,-0.292307692,-0.083076923,-0.196923077,-0.033846154,-0.141538462
0,0,0.157377049,-0.039344262,0.242622951,-0.137704918,0.11147541,-0.190163934,-0.036065574,-0.236065574,0.206557377,-0.449180328,0.285245902,-0.668852459,0.324590164,-0.813114754,0.347540984,-0.937704918,0.055737705,-0.459016393,-0.02295082,-0.708196721,-0.085245902,-0.862295082,-0.140983607,-1,-0.062295082,-0.403278689,-0.118032787,-0.46557377,-0.059016393,-0.314754098,-0.016393443,-0.216393443,-0.150819672,-0.31147541,-0.154098361,-0.337704918,-0.098360656,-0.226229508,-0.055737705,-0.150819672
0,0,0.151851852,-0.051851852,0.248148148,-0.17037037,0.140740741,-0.233333333,0.003703704,-0.27037037,0.181481481,-0.466666667,0.255555556,-0.67037037,0.3,-0.8,0.325925926,-0.918518519,0.040740741,-0.47037037,-0.018518519,-0.711111111,-0.062962963,-0.862962963,-0.103703704,-1,-0.074074074,-0.414814815,-0.092592593,-0.485185185,-0.011111111,-0.325925926,0.033333333,-0.225925926,-0.162962963,-0.322222222,-0.133333333,-0.333333333,-0.051851852,-0.218518519,0,-0.148148148
0,0,0.162068966,-0.075862069,0.255172414,-0.217241379,0.196551724,-0.334482759,0.110344828,-0.431034483,0.186206897,-0.493103448,0.234482759,-0.731034483,0.25862069,-0.875862069,0.265517241,-1,0.04137931,-0.5,0.027586207,-0.703448276,0.04137931,-0.844827586,0.048275862,-0.951724138,-0.075862069,-0.45862069,0,-0.393103448,0.086206897,-0.237931034,0.144827586,-0.127586207,-0.155172414,-0.382758621,-0.055172414,-0.255172414,0.027586207,-0.137931034,0.082758621,-0.065517241
0,0,0.151202749,-0.04467354,0.216494845,-0.178694158,0.116838488,-0.298969072,0.010309278,-0.39862543,0.226804124,-0.457044674,0.326460481,-0.694158076,0.388316151,-0.83161512,0.422680412,-0.948453608,0.085910653,-0.474226804,0.024054983,-0.725085911,-0.017182131,-0.872852234,-0.06185567,-1,-0.034364261,-0.436426117,-0.048109966,-0.429553265,-0.003436426,-0.285223368,0.020618557,-0.199312715,-0.12371134,-0.367697595,-0.103092784,-0.35395189,-0.048109966,-0.243986254,-0.017182131,-0.16838488
0,0,0.129139073,-0.069536424,0.155629139,-0.201986755,0.023178808,-0.301324503,-0.11589404,-0.38410596,0.155629139,-0.48013245,0.201986755,-0.725165563,0.225165563,-0.870860927,0.238410596,-0.996688742,0.013245033,-0.483443709,-0.092715232,-0.735099338,-0.168874172,-0.880794702,-0.231788079,-1,-0.099337748,-0.42384106,-0.145695364,-0.440397351,-0.079470199,-0.32781457,-0.033112583,-0.254966887,-0.175496689,-0.331125828,-0.168874172,-0.314569536,-0.102649007,-0.225165563,-0.059602649,-0.162251656
0,0,0.088888889,-0.085714286,0.06984127,-0.225396825,-0.082539683,-0.336507937,-0.225396825,-0.406349206,0.066666667,-0.488888889,0.092063492,-0.73015873,0.114285714,-0.876190476,0.126984127,-1,-0.063492063,-0.46984127,-0.196825397,-0.692063492,-0.276190476,-0.838095238,-0.342857143,-0.965079365,-0.152380952,-0.393650794,-0.247619048,-0.384126984,-0.184126984,-0.247619048,-0.126984127,-0.161904762,-0.196825397,-0.295238095,-0.26984127,-0.282539683,-0.215873016,-0.177777778,-0.171428571,-0.107936508
0,0,0.086614173,-0.078740157,0.070866142,-0.220472441,-0.082677165,-0.338582677,-0.220472441,-0.417322835,0.078740157,-0.496062992,0.102362205,-0.720472441,0.118110236,-0.862204724,0.125984252,-0.980314961,-0.047244094,-0.484251969,-0.173228346,-0.716535433,-0.248031496,-0.87007874,-0.303149606,-1,-0.137795276,-0.409448819,-0.244094488,-0.42519685,-0.18503937,-0.271653543,-0.125984252,-0.169291339,-0.188976378,-0.31496063,-0.271653543,-0.322834646,-0.224409449,-0.208661417,-0.177165354,-0.12992126
0,0,0.046413502,-0.101265823,-0.021097046,-0.248945148,-0.189873418,-0.35443038,-0.329113924,-0.421940928,-0.012658228,-0.502109705,-0.029535865,-0.729957806,-0.037974684,-0.873417722,-0.046413502,-1,-0.130801688,-0.476793249,-0.270042194,-0.691983122,-0.362869198,-0.831223629,-0.438818565,-0.953586498,-0.206751055,-0.396624473,-0.324894515,-0.396624473,-0.265822785,-0.261603376,-0.206751055,-0.17721519,-0.240506329,-0.299578059,-0.337552743,-0.29535865,-0.291139241,-0.194092827,-0.232067511,-0.130801688
0,0,-0.109022556,-0.191729323,-0.078947368,-0.372180451,0.033834586,-0.473684211,0.146616541,-0.511278195,-0.071428571,-0.473684211,-0.101503759,-0.721804511,-0.116541353,-0.879699248,-0.127819549,-1,0.056390977,-0.45112782,0.165413534,-0.714285714,0.236842105,-0.883458647,0.304511278,-0.996240602,0.165413534,-0.398496241,0.229323308,-0.515037594,0.176691729,-0.481203008,0.139097744,-0.42481203,0.248120301,-0.334586466,0.270676692,-0.42481203,0.233082707,-0.394736842,0.210526316,-0.342105263
0,0,-0.116,-0.172,-0.112,-0.352,-0.02,-0.456,0.096,-0.488,-0.1,-0.456,-0.144,-0.704,-0.168,-0.852,-0.184,-0.968,0.028,-0.456,0.108,-0.712,0.16,-0.884,0.212,-1,0.144,-0.416,0.18,-0.5,0.132,-0.448,0.1,-0.384,0.232,-0.356,0.232,-0.408,0.196,-0.36,0.18,-0.304
0,0,-0.134228188,-0.161073826,-0.144295302,-0.332214765,-0.036912752,-0.44295302,0.080536913,-0.473154362,-0.110738255,-0.432885906,-0.184563758,-0.681208054,-0.224832215,-0.82885906,-0.248322148,-0.946308725,0.026845638,-0.436241611,0.073825503,-0.708053691,0.10738255,-0.882550336,0.147651007,-1,0.137583893,-0.395973154,0.130872483,-0.503355705,0.077181208,-0.459731544,0.053691275,-0.38590604,0.218120805,-0.33557047,0.197986577,-0.426174497,0.157718121,-0.39261745,0.147651007,-0.332214765
0,0,-0.143283582,-0.149253731,-0.182089552,-0.325373134,-0.110447761,-0.432835821,-0.011940299,-0.447761194,-0.074626866,-0.426865672,-0.155223881,-0.680597015,-0.188059701,-0.829850746,-0.202985075,-0.943283582,0.065671642,-0.420895522,0.101492537,-0.704477612,0.134328358,-0.874626866,0.176119403,-1,0.167164179,-0.385074627,0.110447761,-0.52238806,0.050746269,-0.489552239,0.023880597,-0.423880597,0.223880597,-0.340298507,0.164179104,-0.441791045,0.119402985,-0.411940299,0.107462687,-0.352238806
0,0,-0.130311615,-0.164305949,-0.161473088,-0.337110482,-0.09631728,-0.430594901,-0.008498584,-0.441926346,-0.042492918,-0.436260623,-0.113314448,-0.69121813,-0.138810198,-0.838526912,-0.150141643,-0.95184136,0.099150142,-0.424929178,0.135977337,-0.708215297,0.172804533,-0.878186969,0.21529745,-1,0.195467422,-0.376770538,0.133144476,-0.507082153,0.067988669,-0.473087819,0.039660057,-0.410764873,0.246458924,-0.328611898,0.178470255,-0.424929178,0.127478754,-0.390934844,0.113314448,-0.331444759
0,0,-0.157303371,-0.176966292,-0.179775281,-0.359550562,-0.08988764,-0.47752809,0.002808989,-0.525280899,-0.073033708,-0.412921348,-0.106741573,-0.713483146,-0.123595506,-0.867977528,-0.123595506,-0.985955056,0.08988764,-0.421348315,0.151685393,-0.735955056,0.199438202,-0.893258427,0.244382022,-1,0.20505618,-0.398876404,0.230337079,-0.651685393,0.168539326,-0.693820225,0.120786517,-0.68258427,0.261235955,-0.359550562,0.27247191,-0.556179775,0.224719101,-0.609550562,0.188202247,-0.609550562
0,0,-0.155015198,-0.167173252,-0.194528875,-0.340425532,-0.118541033,-0.440729483,-0.009118541,-0.452887538,0.027355623,-0.477203647,0,-0.741641337,-0.006079027,-0.88449848,-0.006079027,-1,0.170212766,-0.452887538,0.215805471,-0.726443769,0.258358663,-0.887537994,0.291793313,-0.996960486,0.249240122,-0.401215805,0.161094225,-0.534954407,0.082066869,-0.504559271,0.039513678,-0.440729483,0.279635258,-0.352583587,0.194528875,-0.440729483,0.124620061,-0.410334347,0.09118541,-0.352583587
0,0,-0.165644172,-0.159509202,-0.211656442,-0.334355828,-0.134969325,-0.438650307,-0.030674847,-0.450920245,0.033742331,-0.463190184,0,-0.73006135,-0.009202454,-0.877300613,-0.012269939,-1,0.171779141,-0.444785276,0.202453988,-0.720858896,0.236196319,-0.883435583,0.273006135,-1,0.239263804,-0.395705521,0.141104294,-0.524539877,0.061349693,-0.490797546,0.015337423,-0.426380368,0.263803681,-0.352760736,0.174846626,-0.441717791,0.101226994,-0.411042945,0.067484663,-0.349693252
0,0,-0.162650602,-0.153614458,-0.222891566,-0.331325301,-0.159638554,-0.442771084,-0.054216867,-0.448795181,0.030120482,-0.457831325,-0.003012048,-0.71686747,-0.018072289,-0.855421687,-0.018072289,-0.969879518,0.156626506,-0.445783133,0.174698795,-0.728915663,0.195783133,-0.888554217,0.222891566,-1,0.219879518,-0.403614458,0.144578313,-0.572289157,0.054216867,-0.551204819,0.003012048,-0.496987952,0.234939759,-0.361445783,0.162650602,-0.478915663,0.087349398,-0.46686747,0.051204819,-0.415662651
0,0,-0.156118143,-0.143459916,-0.189873418,-0.316455696,-0.109704641,-0.426160338,-0.012658228,-0.46835443,-0.156118143,-0.447257384,-0.240506329,-0.679324895,-0.286919831,-0.818565401,-0.316455696,-0.928270042,-0.021097046,-0.459915612,0.004219409,-0.721518987,0.025316456,-0.886075949,0.063291139,-1,0.092827004,-0.421940928,0.067510549,-0.506329114,0.021097046,-0.451476793,0.004219409,-0.383966245,0.172995781,-0.371308017,0.130801688,-0.430379747,0.097046414,-0.379746835,0.097046414,-0.316455696
0,0,-0.143968872,-0.167315175,-0.167315175,-0.326848249,-0.097276265,-0.439688716,-0.003891051,-0.494163424,-0.206225681,-0.412451362,-0.284046693,-0.649805447,-0.342412451,-0.793774319,-0.381322957,-0.902723735,-0.089494163,-0.435797665,-0.050583658,-0.712062257,-0.031128405,-0.883268482,-0.011673152,-1,0.031128405,-0.420233463,0.105058366,-0.53307393,0.081712062,-0.474708171,0.054474708,-0.412451362,0.13618677,-0.381322957,0.171206226,-0.443579767,0.147859922,-0.392996109,0.128404669,-0.338521401
0,0,-0.125,-0.166666667,-0.143939394,-0.333333333,-0.064393939,-0.439393939,0.045454545,-0.481060606,-0.181818182,-0.420454545,-0.257575758,-0.666666667,-0.303030303,-0.814393939,-0.337121212,-0.928030303,-0.056818182,-0.428030303,-0.007575758,-0.704545455,0.018939394,-0.878787879,0.041666667,-1,0.060606061,-0.393939394,0.140151515,-0.53030303,0.113636364,-0.465909091,0.087121212,-0.397727273,0.162878788,-0.34469697,0.196969697,-0.420454545,0.174242424,-0.371212121,0.151515152,-0.318181818
0,0,-0.12962963,-0.174074074,-0.137037037,-0.344444444,-0.051851852,-0.451851852,0.051851852,-0.5,-0.162962963,-0.42962963,-0.225925926,-0.677777778,-0.266666667,-0.833333333,-0.296296296,-0.948148148,-0.037037037,-0.418518519,0.02962963,-0.7,0.07037037,-0.877777778,0.103703704,-1,0.085185185,-0.377777778,0.155555556,-0.52962963,0.118518519,-0.466666667,0.085185185,-0.396296296,0.185185185,-0.322222222,0.207407407,-0.422222222,0.177777778,-0.37037037,0.159259259,-0.311111111
0,0,-0.108208955,-0.186567164,-0.078358209,-0.358208955,0.03358209,-0.451492537,0.149253731,-0.481343284,-0.104477612,-0.447761194,-0.134328358,-0.708955224,-0.152985075,-0.865671642,-0.160447761,-0.985074627,0.02238806,-0.436567164,0.119402985,-0.708955224,0.171641791,-0.880597015,0.223880597,-1,0.141791045,-0.388059701,0.208955224,-0.514925373,0.156716418,-0.46641791,0.115671642,-0.399253731,0.235074627,-0.324626866,0.253731343,-0.410447761,0.212686567,-0.365671642,0.190298507,-0.309701493
0,0,-0.100371747,-0.197026022,-0.078066914,-0.371747212,0.011152416,-0.475836431,0.111524164,-0.516728625,-0.066914498,-0.475836431,-0.085501859,-0.721189591,-0.104089219,-0.87732342,-0.115241636,-1,0.05204461,-0.449814126,0.163568773,-0.706319703,0.234200743,-0.869888476,0.301115242,-0.981412639,0.163568773,-0.3866171,0.230483271,-0.505576208,0.178438662,-0.464684015,0.141263941,-0.401486989,0.24535316,-0.31598513,0.271375465,-0.408921933,0.230483271,-0.364312268,0.208178439,-0.308550186
0,0,-0.129963899,-0.158844765,-0.140794224,-0.328519856,-0.057761733,-0.422382671,0.039711191,-0.444043321,-0.083032491,-0.469314079,-0.115523466,-0.722021661,-0.129963899,-0.880866426,-0.140794224,-1,0.054151625,-0.465703971,0.140794224,-0.714801444,0.205776173,-0.877256318,0.259927798,-0.992779783,0.166064982,-0.418772563,0.187725632,-0.476534296,0.144404332,-0.42599278,0.115523466,-0.371841155,0.241877256,-0.350180505,0.23465704,-0.379061372,0.194945848,-0.339350181,0.16967509,-0.288808664
0,0,0.147887324,-0.179577465,0.158450704,-0.35915493,0.066901408,-0.478873239,-0.035211268,-0.528169014,0.169014085,-0.450704225,0.190140845,-0.725352113,0.200704225,-0.883802817,0.211267606,-1,0.031690141,-0.450704225,-0.038732394,-0.728873239,-0.077464789,-0.88028169,-0.102112676,-0.985915493,-0.091549296,-0.422535211,-0.147887324,-0.566901408,-0.116197183,-0.507042254,-0.091549296,-0.436619718,-0.200704225,-0.376760563,-0.218309859,-0.475352113,-0.190140845,-0.422535211,-0.169014085,-0.362676056
0,0,0.194244604,-0.136690647,0.276978417,-0.320143885,0.205035971,-0.456834532,0.09352518,-0.510791367,0.18705036,-0.395683453,0.258992806,-0.68705036,0.291366906,-0.841726619,0.31294964,-0.960431655,0.021582734,-0.417266187,0.039568345,-0.71942446,0.04676259,-0.888489209,0.043165468,-1,-0.107913669,-0.420863309,-0.021582734,-0.582733813,0.028776978,-0.521582734,0.032374101,-0.442446043,-0.201438849,-0.402877698,-0.089928058,-0.496402878,-0.057553957,-0.446043165,-0.057553957,-0.384892086
0,0,0.137809187,-0.16254417,0.173144876,-0.328621908,0.109540636,-0.469964664,0.021201413,-0.540636042,0.204946996,-0.434628975,0.212014134,-0.71024735,0.229681979,-0.865724382,0.247349823,-0.985865724,0.088339223,-0.416961131,0.003533569,-0.717314488,-0.038869258,-0.883392226,-0.06360424,-1,-0.038869258,-0.378091873,-0.134275618,-0.558303887,-0.113074205,-0.480565371,-0.084805654,-0.409893993,-0.159010601,-0.328621908,-0.204946996,-0.469964664,-0.180212014,-0.402826855,-0.155477032,-0.335689046
0,0,0.114583333,-0.15625,0.143229167,-0.330729167,0.0703125,-0.46875,-0.020833333,-0.544270833,0.166666667,-0.411458333,0.174479167,-0.705729167,0.192708333,-0.8671875,0.208333333,-0.997395833,0.046875,-0.372395833,-0.0390625,-0.6953125,-0.088541667,-0.872395833,-0.125,-1,-0.083333333,-0.328125,-0.161458333,-0.5703125,-0.130208333,-0.4921875,-0.104166667,-0.408854167,-0.197916667,-0.278645833,-0.229166667,-0.46875,-0.1953125,-0.401041667,-0.174479167,-0.328125
0,0,0.195833333,-0.125,0.2875,-0.2875,0.225,-0.404166667,0.129166667,-0.458333333,0.225,-0.466666667,0.308333333,-0.729166667,0.35,-0.883333333,0.379166667,-1,0.075,-0.491666667,0.1,-0.754166667,0.116666667,-0.891666667,0.1125,-0.991666667,-0.045833333,-0.479166667,0.016666667,-0.5625,0.045833333,-0.479166667,0.041666667,-0.404166667,-0.158333333,-0.454166667,-0.0875,-0.495833333,-0.0625,-0.429166667,-0.058333333,-0.358333333
0,0,-0.141791045,-0.089552239,-0.182835821,-0.264925373,-0.048507463,-0.380597015,0.082089552,-0.432835821,-0.182835821,-0.496268657,-0.231343284,-0.708955224,-0.257462687,-0.839552239,-0.279850746,-0.947761194,-0.048507463,-0.503731343,0.007462687,-0.735074627,0.044776119,-0.880597015,0.078358209,-1,0.063432836,-0.447761194,0.100746269,-0.503731343,0.055970149,-0.369402985,0.029850746,-0.287313433,0.149253731,-0.361940299,0.171641791,-0.425373134,0.130597015,-0.328358209,0.097014925,-0.253731343
0,0,-0.148148148,-0.090909091,-0.198653199,-0.272727273,-0.067340067,-0.383838384,0.067340067,-0.434343434,-0.168350168,-0.511784512,-0.212121212,-0.730639731,-0.232323232,-0.865319865,-0.245791246,-0.976430976,-0.026936027,-0.508417508,0.033670034,-0.737373737,0.074074074,-0.885521886,0.114478114,-1,0.087542088,-0.444444444,0.114478114,-0.505050505,0.057239057,-0.363636364,0.023569024,-0.272727273,0.171717172,-0.353535354,0.181818182,-0.420875421,0.131313131,-0.31986532,0.097643098,-0.239057239
0,0,-0.156,-0.076,-0.248,-0.244,-0.148,-0.388,-0.032,-0.468,-0.204,-0.464,-0.284,-0.664,-0.328,-0.788,-0.36,-0.892,-0.076,-0.48,-0.072,-0.728,-0.072,-0.88,-0.06,-1,0.04,-0.44,0.02,-0.528,-0.032,-0.384,-0.044,-0.28,0.14,-0.364,0.104,-0.456,0.056,-0.352,0.036,-0.264
0,0,-0.167763158,-0.016447368,-0.292763158,-0.125,-0.210526316,-0.236842105,-0.108552632,-0.332236842,-0.335526316,-0.4375,-0.460526316,-0.631578947,-0.539473684,-0.759868421,-0.598684211,-0.875,-0.194078947,-0.486842105,-0.236842105,-0.713815789,-0.263157895,-0.868421053,-0.279605263,-1,-0.059210526,-0.467105263,-0.069078947,-0.509868421,-0.078947368,-0.338815789,-0.078947368,-0.220394737,0.059210526,-0.411184211,0.032894737,-0.421052632,0.016447368,-0.292763158,0.006578947,-0.200657895
0,0,-0.139751553,-0.062111801,-0.226708075,-0.186335404,-0.127329193,-0.236024845,0.00931677,-0.282608696,-0.152173913,-0.5,-0.192546584,-0.729813665,-0.208074534,-0.872670807,-0.214285714,-1,0,-0.50310559,0.062111801,-0.704968944,0.114906832,-0.835403727,0.161490683,-0.953416149,0.114906832,-0.447204969,0.127329193,-0.447204969,0.046583851,-0.279503106,-0.00621118,-0.177018634,0.201863354,-0.360248447,0.177018634,-0.322981366,0.099378882,-0.201863354,0.046583851,-0.127329193
0,0,-0.144303797,-0.037974684,-0.237974684,-0.15443038,-0.118987342,-0.212658228,0.032911392,-0.263291139,-0.2,-0.481012658,-0.24556962,-0.716455696,-0.260759494,-0.865822785,-0.265822785,-1,-0.043037975,-0.503797468,0.020253165,-0.711392405,0.081012658,-0.848101266,0.126582278,-0.972151899,0.083544304,-0.460759494,0.116455696,-0.412658228,0.055696203,-0.248101266,0.002531646,-0.151898734,0.182278481,-0.379746835,0.192405063,-0.313924051,0.129113924,-0.192405063,0.073417722,-0.118987342
0,0,-0.136882129,-0.08365019,-0.182509506,-0.243346008,-0.038022814,-0.319391635,0.098859316,-0.372623574,-0.129277567,-0.513307985,-0.155893536,-0.737642586,-0.163498099,-0.878326996,-0.163498099,-1,0.015209125,-0.505703422,0.087452471,-0.72243346,0.136882129,-0.866920152,0.182509506,-0.988593156,0.121673004,-0.433460076,0.148288973,-0.479087452,0.087452471,-0.338403042,0.053231939,-0.247148289,0.197718631,-0.338403042,0.19391635,-0.365019011,0.136882129,-0.266159696,0.098859316,-0.19391635
0,0,-0.134275618,-0.042402827,-0.190812721,-0.166077739,-0.060070671,-0.240282686,0.060070671,-0.296819788,-0.208480565,-0.469964664,-0.286219081,-0.674911661,-0.335689046,-0.812720848,-0.374558304,-0.925795053,-0.06360424,-0.491166078,-0.045936396,-0.71024735,-0.038869258,-0.862190813,-0.038869258,-1,0.049469965,-0.438162544,0.098939929,-0.544169611,0.088339223,-0.406360424,0.067137809,-0.300353357,0.141342756,-0.349823322,0.159010601,-0.399293286,0.127208481,-0.307420495,0.09540636,-0.229681979
0,0,-0.123919308,-0.034582133,-0.16426513,-0.13832853,-0.008645533,-0.236311239,0.121037464,-0.314121037,-0.204610951,-0.446685879,-0.288184438,-0.65129683,-0.342939481,-0.778097983,-0.386167147,-0.896253602,-0.060518732,-0.4870317,-0.040345821,-0.714697406,-0.017291066,-0.86167147,-0.005763689,-1,0.051873199,-0.446685879,0.121037464,-0.553314121,0.152737752,-0.426512968,0.158501441,-0.325648415,0.144092219,-0.363112392,0.190201729,-0.429394813,0.190201729,-0.340057637,0.170028818,-0.25648415
0,0,-0.15451895,-0.032069971,-0.300291545,-0.131195335,-0.262390671,-0.221574344,-0.145772595,-0.29154519,-0.265306122,-0.466472303,-0.387755102,-0.655976676,-0.457725948,-0.778425656,-0.513119534,-0.889212828,-0.131195335,-0.498542274,-0.151603499,-0.72303207,-0.160349854,-0.871720117,-0.166180758,-1,-0.005830904,-0.463556851,-0.052478134,-0.55393586,-0.096209913,-0.405247813,-0.116618076,-0.29154519,0.104956268,-0.390670554,0.040816327,-0.425655977,-0.008746356,-0.326530612,-0.040816327,-0.239067055
0,0,-0.174698795,-0.024096386,-0.328313253,-0.114457831,-0.328313253,-0.210843373,-0.246987952,-0.304216867,-0.307228916,-0.460843373,-0.439759036,-0.659638554,-0.512048193,-0.78313253,-0.563253012,-0.894578313,-0.174698795,-0.496987952,-0.219879518,-0.731927711,-0.256024096,-0.876506024,-0.28313253,-1,-0.045180723,-0.472891566,-0.141566265,-0.56626506,-0.186746988,-0.406626506,-0.195783133,-0.286144578,0.06626506,-0.406626506,-0.039156627,-0.439759036,-0.102409639,-0.331325301,-0.13253012,-0.240963855
0,0,-0.157099698,-0.063444109,-0.238670695,-0.181268882,-0.123867069,-0.271903323,0.018126888,-0.320241692,-0.211480363,-0.49244713,-0.290030211,-0.703927492,-0.332326284,-0.83081571,-0.359516616,-0.948640483,-0.072507553,-0.504531722,-0.045317221,-0.731117825,-0.009063444,-0.873111782,0.024169184,-1,0.039274924,-0.450151057,0.060422961,-0.580060423,0.03021148,-0.441087613,0.006042296,-0.33836858,0.132930514,-0.350453172,0.141993958,-0.465256798,0.108761329,-0.365558912,0.081570997,-0.265861027
0,0,-0.13740458,-0.057251908,-0.183206107,-0.194656489,-0.045801527,-0.278625954,0.076335878,-0.34351145,-0.190839695,-0.488549618,-0.251908397,-0.694656489,-0.286259542,-0.824427481,-0.316793893,-0.942748092,-0.045801527,-0.511450382,0,-0.729007634,0.049618321,-0.870229008,0.08778626,-1,0.061068702,-0.461832061,0.114503817,-0.595419847,0.103053435,-0.465648855,0.08778626,-0.370229008,0.152671756,-0.374045802,0.183206107,-0.450381679,0.152671756,-0.358778626,0.122137405,-0.27480916
0,0,-0.090909091,-0.05785124,-0.074380165,-0.173553719,0.111570248,-0.256198347,0.252066116,-0.334710744,-0.103305785,-0.495867769,-0.128099174,-0.710743802,-0.148760331,-0.847107438,-0.157024793,-0.97107438,0.041322314,-0.520661157,0.123966942,-0.73553719,0.210743802,-0.871900826,0.276859504,-1,0.144628099,-0.466942149,0.252066116,-0.578512397,0.289256198,-0.458677686,0.29338843,-0.367768595,0.223140496,-0.371900826,0.309917355,-0.421487603,0.318181818,-0.355371901,0.297520661,-0.29338843
0,0,-0.144486692,-0.049429658,-0.205323194,-0.163498099,-0.076045627,-0.235741445,0.053231939,-0.319391635,-0.220532319,-0.509505703,-0.273764259,-0.726235741,-0.311787072,-0.863117871,-0.342205323,-0.980988593,-0.076045627,-0.536121673,-0.007604563,-0.737642586,0.041825095,-0.874524715,0.08365019,-1,0.041825095,-0.482889734,0.076045627,-0.467680608,0.034220532,-0.33460076,0.003802281,-0.266159696,0.129277567,-0.3878327,0.121673004,-0.307984791,0.057034221,-0.209125475,0.003802281,-0.16730038
0,0,-0.128289474,-0.023026316,-0.184210526,-0.141447368,-0.052631579,-0.269736842,0.055921053,-0.381578947,-0.289473684,-0.430921053,-0.391447368,-0.631578947,-0.457236842,-0.763157895,-0.513157895,-0.875,-0.148026316,-0.480263158,-0.144736842,-0.713815789,-0.128289474,-0.868421053,-0.121710526,-1,-0.029605263,-0.447368421,0.032894737,-0.490131579,0.023026316,-0.355263158,0,-0.273026316,0.065789474,-0.375,0.111842105,-0.375,0.092105263,-0.273026316,0.059210526,-0.207236842
0,0,-0.165137615,-0.024464832,-0.278287462,-0.140672783,-0.165137615,-0.235474006,-0.03058104,-0.324159021,-0.324159021,-0.4617737,-0.443425076,-0.669724771,-0.513761468,-0.804281346,-0.571865443,-0.923547401,-0.177370031,-0.510703364,-0.180428135,-0.727828746,-0.183486239,-0.871559633,-0.183486239,-1,-0.04587156,-0.47706422,-0.03058104,-0.470948012,-0.051987768,-0.318042813,-0.067278287,-0.232415902,0.064220183,-0.400611621,0.058103976,-0.333333333,0.018348624,-0.22324159,-0.01529052,-0.159021407
0,0,-0.171052632,-0.019736842,-0.299342105,-0.128289474,-0.180921053,-0.197368421,-0.016447368,-0.266447368,-0.269736842,-0.476973684,-0.368421053,-0.717105263,-0.424342105,-0.865131579,-0.457236842,-1,-0.095394737,-0.519736842,-0.069078947,-0.720394737,-0.039473684,-0.858552632,-0.006578947,-0.996710526,0.046052632,-0.483552632,0.029605263,-0.421052632,-0.042763158,-0.259868421,-0.088815789,-0.1875,0.161184211,-0.404605263,0.108552632,-0.292763158,0.026315789,-0.177631579,-0.026315789,-0.131578947
0,0,-0.115079365,-0.055555556,-0.142857143,-0.19047619,-0.007936508,-0.317460317,0.095238095,-0.416666667,-0.25,-0.456349206,-0.341269841,-0.654761905,-0.396825397,-0.785714286,-0.448412698,-0.892857143,-0.123015873,-0.488095238,-0.095238095,-0.718253968,-0.063492063,-0.873015873,-0.035714286,-1,-0.007936508,-0.452380952,0.071428571,-0.488095238,0.067460317,-0.365079365,0.047619048,-0.28968254,0.079365079,-0.380952381,0.138888889,-0.416666667,0.126984127,-0.333333333,0.095238095,-0.273809524
0,0,-0.110320285,-0.056939502,-0.128113879,-0.174377224,0.017793594,-0.274021352,0.135231317,-0.359430605,-0.1886121,-0.476868327,-0.245551601,-0.693950178,-0.288256228,-0.832740214,-0.320284698,-0.953736655,-0.049822064,-0.501779359,0.017793594,-0.725978648,0.081850534,-0.879003559,0.131672598,-1,0.056939502,-0.451957295,0.149466192,-0.491103203,0.153024911,-0.37366548,0.145907473,-0.284697509,0.138790036,-0.366548043,0.206405694,-0.402135231,0.213523132,-0.327402135,0.202846975,-0.259786477
0,0,0.144366197,-0.169014085,0.186619718,-0.323943662,0.126760563,-0.450704225,0.052816901,-0.517605634,0.193661972,-0.433098592,0.267605634,-0.676056338,0.320422535,-0.823943662,0.35915493,-0.933098592,0.077464789,-0.429577465,0.014084507,-0.714788732,-0.021126761,-0.883802817,-0.045774648,-1,-0.049295775,-0.401408451,-0.098591549,-0.577464789,-0.077464789,-0.503521127,-0.056338028,-0.426056338,-0.151408451,-0.35915493,-0.165492958,-0.461267606,-0.14084507,-0.394366197,-0.123239437,-0.334507042
0,0,0.085324232,-0.184300341,0.105802048,-0.361774744,0.030716724,-0.501706485,-0.04778157,-0.57337884,0.177474403,-0.457337884,0.167235495,-0.71331058,0.184300341,-0.860068259,0.211604096,-0.979522184,0.112627986,-0.412969283,-0.006825939,-0.689419795,-0.04778157,-0.866894198,-0.061433447,-1,0.020477816,-0.358361775,-0.163822526,-0.552901024,-0.194539249,-0.488054608,-0.177474403,-0.423208191,-0.078498294,-0.310580205,-0.228668942,-0.450511945,-0.249146758,-0.409556314,-0.232081911,-0.365187713
0,0,0.177631579,-0.144736842,0.240131579,-0.299342105,0.164473684,-0.411184211,0.078947368,-0.467105263,0.174342105,-0.417763158,0.243421053,-0.677631579,0.276315789,-0.825657895,0.296052632,-0.934210526,0.019736842,-0.434210526,0.036184211,-0.717105263,0.036184211,-0.884868421,0.019736842,-1,-0.101973684,-0.421052632,-0.125,-0.634868421,-0.121710526,-0.723684211,-0.131578947,-0.759868421,-0.180921053,-0.381578947,-0.138157895,-0.486842105,-0.088815789,-0.483552632,-0.055921053,-0.450657895
0,0,0.134615385,-0.163461538,0.153846154,-0.320512821,0.092948718,-0.451923077,0.025641026,-0.522435897,0.112179487,-0.439102564,0.125,-0.711538462,0.134615385,-0.871794872,0.141025641,-0.987179487,-0.022435897,-0.426282051,-0.102564103,-0.717948718,-0.134615385,-0.884615385,-0.163461538,-1,-0.137820513,-0.384615385,-0.137820513,-0.532051282,-0.08974359,-0.474358974,-0.067307692,-0.403846154,-0.227564103,-0.330128205,-0.185897436,-0.416666667,-0.150641026,-0.362179487,-0.134615385,-0.304487179
0,0,0.146103896,-0.185064935,0.168831169,-0.373376623,0.084415584,-0.5,-0.00974026,-0.535714286,0.042207792,-0.461038961,0.029220779,-0.74025974,0.00974026,-0.88961039,-0.012987013,-1,-0.113636364,-0.435064935,-0.168831169,-0.714285714,-0.217532468,-0.883116883,-0.262987013,-0.99025974,-0.233766234,-0.37987013,-0.188311688,-0.519480519,-0.123376623,-0.477272727,-0.084415584,-0.402597403,-0.321428571,-0.308441558,-0.243506494,-0.405844156,-0.191558442,-0.37012987,-0.165584416,-0.311688312
0,0,0.12745098,-0.199346405,0.130718954,-0.382352941,0.009803922,-0.467320261,-0.104575163,-0.470588235,-0.013071895,-0.470588235,-0.039215686,-0.741830065,-0.052287582,-0.888888889,-0.068627451,-1,-0.163398693,-0.434640523,-0.251633987,-0.712418301,-0.310457516,-0.875816993,-0.366013072,-0.980392157,-0.274509804,-0.37254902,-0.235294118,-0.516339869,-0.166666667,-0.477124183,-0.12745098,-0.405228758,-0.349673203,-0.300653595,-0.274509804,-0.39869281,-0.215686275,-0.369281046,-0.189542484,-0.31372549
0,0,0.119354839,-0.2,0.141935484,-0.383870968,0.067741935,-0.496774194,-0.022580645,-0.509677419,-0.074193548,-0.461290323,-0.116129032,-0.74516129,-0.148387097,-0.890322581,-0.187096774,-1,-0.219354839,-0.416129032,-0.287096774,-0.703225806,-0.341935484,-0.867741935,-0.393548387,-0.967741935,-0.319354839,-0.35483871,-0.261290323,-0.516129032,-0.190322581,-0.487096774,-0.148387097,-0.419354839,-0.383870968,-0.290322581,-0.303225806,-0.416129032,-0.241935484,-0.383870968,-0.209677419,-0.322580645
0,0,0.182142857,-0.121428571,0.278571429,-0.278571429,0.239285714,-0.432142857,0.175,-0.514285714,0.225,-0.389285714,0.307142857,-0.671428571,0.346428571,-0.832142857,0.375,-0.95,0.078571429,-0.421428571,0.089285714,-0.721428571,0.107142857,-0.889285714,0.107142857,-1,-0.046428571,-0.421428571,0.010714286,-0.560714286,0.05,-0.5,0.05,-0.428571429,-0.15,-0.4,-0.064285714,-0.475,-0.046428571,-0.417857143,-0.053571429,-0.353571429
0,0,0.12455516,-0.15658363,0.177935943,-0.341637011,0.128113879,-0.505338078,0.053380783,-0.597864769,0.217081851,-0.423487544,0.231316726,-0.711743772,0.252669039,-0.871886121,0.277580071,-1,0.113879004,-0.395017794,0.003558719,-0.708185053,-0.060498221,-0.87544484,-0.099644128,-1,-0.007117438,-0.352313167,-0.12455516,-0.555160142,-0.110320285,-0.480427046,-0.078291815,-0.40569395,-0.12455516,-0.31316726,-0.185053381,-0.451957295,-0.167259786,-0.384341637,-0.142348754,-0.323843416
0,0,0.140522876,-0.150326797,0.166666667,-0.323529412,0.104575163,-0.473856209,0.026143791,-0.558823529,0.111111111,-0.428104575,0.091503268,-0.715686275,0.08496732,-0.879084967,0.08496732,-1,-0.026143791,-0.408496732,-0.124183007,-0.705882353,-0.176470588,-0.869281046,-0.215686275,-0.986928105,-0.147058824,-0.366013072,-0.183006536,-0.539215686,-0.140522876,-0.483660131,-0.114379085,-0.408496732,-0.248366013,-0.310457516,-0.241830065,-0.437908497,-0.205882353,-0.385620915,-0.192810458,-0.323529412
